Day,Month,Year,Date,"Total Solar Irradiance (TSI) at 1-AU, W/m^2","Instrument Accuracy in 1-AU TSI, W/m^2","Instrument Precision in TSI at 1-AU, W/m^2","Solar Standard Deviation in 1-AU TSI, W/m^2","Total Uncertainty in TSI at 1-AU, W/m^2",Total Solar Irradiance at Earth distance,Instrument Accuracy at Earth distance,Instrument Precision at Earth distance,13.00,14.00,15.00
05,03,2014,20140305.50,1361.94,0.58,0.01,0.10,0.59,1384.38,0.59,0.01,0.12,0.60,0.00
,,,20140306.50,1362.10,0.58,0.01,0.06,0.58,1383.85,0.59,0.01,0.23,0.63,0.00
,,,20140307.50,1362.06,0.58,0.01,0.06,0.58,1383.07,0.59,0.01,0.21,0.62,0.00
,,,20140308.50,1361.96,0.58,0.01,0.07,0.58,1382.22,0.59,0.01,0.26,0.64,0.00
,,,20140309.50,1361.78,0.58,0.01,0.07,0.58,1381.39,0.58,0.01,0.26,0.64,0.00
,,,20140310.50,1361.61,0.58,0.01,0.08,0.58,1380.53,0.58,0.01,0.23,0.63,0.00
,,,20140311.50,1361.38,0.58,0.01,0.07,0.58,1379.56,0.58,0.01,0.24,0.63,0.00
,,,20140312.50,1361.25,0.58,0.01,0.06,0.58,1378.78,0.58,0.01,0.25,0.63,0.00
,,,20140313.50,1361.25,0.58,0.01,0.06,0.58,1377.94,0.58,0.01,0.18,0.61,0.00
,,,20140314.50,1361.38,0.58,0.01,0.06,0.58,1377.39,0.58,0.01,0.17,0.61,0.00
,,,20140315.50,1361.54,0.58,0.01,0.07,0.58,1376.76,0.58,0.01,0.19,0.61,0.00
,,,20140316.50,1361.61,0.58,0.01,0.05,0.58,1376.10,0.58,0.01,0.23,0.63,0.00
,,,20140317.50,1361.64,0.58,0.01,0.09,0.58,1375.42,0.58,0.01,0.16,0.60,0.00
,,,20140318.50,1361.77,0.58,0.01,0.05,0.58,1374.74,0.58,0.01,0.21,0.62,0.00
,,,20140319.50,1361.77,0.58,0.01,0.05,0.58,1374.06,0.58,0.01,0.30,0.65,0.00
,,,20140320.50,1361.61,0.58,0.01,0.04,0.58,1372.68,0.58,0.01,0.08,0.59,0.00
,,,20140321.50,1361.68,0.58,0.01,0.06,0.58,1372.27,0.58,0.01,0.21,0.62,0.00
,,,20140322.50,1361.61,0.58,0.01,0.04,0.58,1371.36,0.58,0.01,0.24,0.63,0.00
,,,20140323.50,1361.60,0.58,0.01,0.07,0.58,1370.58,0.58,0.01,0.26,0.64,0.00
,,,20140324.50,1361.55,0.58,0.01,0.06,0.58,1369.83,0.58,0.01,0.22,0.62,0.00
,,,20140325.50,1361.63,0.58,0.01,0.09,0.58,1369.04,0.58,0.01,0.19,0.61,0.00
,,,20140326.50,1361.86,0.58,0.01,0.05,0.58,1368.51,0.58,0.01,0.22,0.62,0.00
,,,20140327.50,1361.96,0.58,0.01,0.04,0.58,1367.85,0.58,0.01,0.22,0.62,0.00
,,,20140328.50,1362.00,0.58,0.01,0.06,0.58,1367.02,0.58,0.01,0.24,0.63,0.00
,,,20140329.50,1362.05,0.58,0.01,0.05,0.58,1366.29,0.58,0.01,0.29,0.65,0.00
,,,20140330.50,1362.06,0.58,0.01,0.06,0.58,1365.50,0.58,0.01,0.25,0.63,0.00
,,,20140331.50,1361.95,0.58,0.01,0.08,0.58,1364.59,0.58,0.01,0.33,0.66,0.00
,,,20140401.50,1361.66,0.58,0.01,0.10,0.59,1363.54,0.58,0.01,0.30,0.65,0.00
,,,20140402.50,1361.53,0.58,0.01,0.08,0.58,1362.68,0.58,0.01,0.32,0.66,0.00
,,,20140403.50,1361.28,0.58,0.01,0.07,0.58,1361.65,0.58,0.01,0.29,0.65,0.00
,,,20140404.50,1361.17,0.58,0.01,0.05,0.58,1360.68,0.58,0.01,0.24,0.63,0.00
,,,20140405.50,1361.36,0.58,0.01,0.09,0.58,1360.15,0.58,0.01,0.15,0.60,0.00
,,,20140406.50,1361.55,0.58,0.01,0.07,0.58,1359.62,0.58,0.01,0.18,0.60,0.00
,,,20140407.50,1361.67,0.58,0.01,0.05,0.58,1358.93,0.58,0.01,0.24,0.62,0.00
,,,20140408.50,1361.63,0.58,0.01,0.05,0.58,1358.24,0.58,0.01,0.22,0.62,0.00
,,,20140409.50,1361.72,0.58,0.01,0.05,0.58,1357.56,0.58,0.01,0.23,0.62,0.00
,,,20140410.50,1361.80,0.58,0.01,0.05,0.58,1356.87,0.57,0.01,0.20,0.61,0.00
,,,20140411.50,1361.67,0.58,0.01,0.06,0.58,1355.93,0.57,0.01,0.24,0.62,0.00
,,,20140412.50,1361.54,0.58,0.01,0.05,0.58,1355.06,0.57,0.01,0.30,0.65,0.00
,,,20140413.50,1361.45,0.58,0.01,0.04,0.58,1354.28,0.57,0.01,0.20,0.61,0.00
,,,20140414.50,1361.20,0.58,0.01,0.10,0.59,1353.12,0.57,0.01,0.27,0.64,0.00
,,,20140415.50,1360.87,0.58,0.01,0.07,0.58,1352.04,0.57,0.01,0.24,0.62,0.00
,,,20140416.50,1360.71,0.58,0.01,0.06,0.58,1351.22,0.57,0.01,0.25,0.63,0.00
,,,20140417.50,1360.80,0.58,0.01,0.03,0.58,1350.47,0.57,0.01,0.24,0.62,0.00
,,,20140418.50,1360.96,0.58,0.01,0.15,0.60,1349.94,0.57,0.01,0.11,0.58,0.00
,,,20140419.50,1361.40,0.58,0.01,0.13,0.59,1349.61,0.57,0.01,0.11,0.58,0.00
,,,20140420.50,1361.82,0.58,0.01,0.09,0.58,1349.21,0.57,0.01,0.15,0.59,0.00
,,,20140421.50,1361.95,0.58,0.01,0.05,0.58,1348.61,0.57,0.01,0.22,0.61,0.00
,,,20140422.50,1361.79,0.58,0.01,0.06,0.58,1347.70,0.57,0.01,0.26,0.63,0.00
,,,20140423.50,1361.74,0.58,0.01,0.05,0.58,1346.96,0.57,0.01,0.24,0.62,0.00
,,,20140424.50,1361.69,0.58,0.01,0.05,0.58,1346.15,0.57,0.01,0.21,0.61,0.00
,,,20140425.50,1361.76,0.58,0.01,0.05,0.58,1345.51,0.57,0.01,0.21,0.61,0.00
,,,20140426.50,1361.73,0.58,0.01,0.05,0.58,1344.73,0.57,0.01,0.22,0.61,0.00
,,,20140427.50,1361.71,0.58,0.01,0.06,0.58,1344.03,0.57,0.01,0.23,0.61,0.00
,,,20140428.50,1361.67,0.58,0.01,0.05,0.58,1343.31,0.57,0.01,0.20,0.60,0.00
,,,20140429.50,1361.51,0.58,0.01,0.08,0.58,1342.46,0.57,0.01,0.28,0.64,0.00
,,,20140430.50,1361.27,0.58,0.01,0.08,0.58,1341.53,0.57,0.01,0.28,0.63,0.00
,,,20140501.50,1361.07,0.58,0.01,0.09,0.58,1340.63,0.57,0.01,0.27,0.63,0.00
,,,20140502.50,1360.75,0.58,0.01,0.10,0.58,1339.66,0.57,0.01,0.29,0.64,0.00
,,,20140503.50,1360.80,0.58,0.01,0.13,0.59,1339.02,0.57,0.01,0.12,0.58,0.00
,,,20140504.50,1361.14,0.58,0.01,0.11,0.59,1338.77,0.57,0.01,0.09,0.57,0.00
,,,20140505.50,1361.35,0.58,0.01,0.07,0.58,1338.33,0.57,0.01,0.15,0.59,0.00
,,,20140506.50,1361.45,0.58,0.01,0.05,0.58,1337.83,0.57,0.01,0.16,0.59,0.00
,,,20140507.50,1361.39,0.58,0.01,0.05,0.58,1337.16,0.57,0.01,0.18,0.60,0.00
,,,20140508.50,1361.27,0.58,0.01,0.05,0.58,1336.46,0.57,0.01,0.16,0.59,0.00
,,,20140509.50,1361.12,0.58,0.01,0.06,0.58,1335.61,0.57,0.01,0.23,0.61,0.00
,,,20140510.50,1360.98,0.58,0.01,0.06,0.58,1334.86,0.57,0.01,0.22,0.61,0.00
,,,20140511.50,1360.93,0.58,0.01,0.05,0.58,1334.18,0.57,0.01,0.16,0.59,0.00
,,,20140512.50,1360.99,0.58,0.01,0.07,0.58,1333.67,0.57,0.01,0.14,0.58,0.00
,,,20140513.50,1361.14,0.58,0.01,0.06,0.58,1333.27,0.57,0.01,0.15,0.59,0.00
,,,20140514.50,1361.31,0.58,0.01,0.09,0.58,1332.86,0.57,0.01,0.13,0.58,0.00
,,,20140515.50,1361.55,0.58,0.01,0.11,0.59,1332.57,0.56,0.01,0.08,0.57,0.00
,,,20140516.50,1361.80,0.58,0.01,0.08,0.58,1332.18,0.56,0.01,0.12,0.58,0.00
,,,20140517.50,1361.86,0.58,0.01,0.05,0.58,1331.65,0.56,0.01,0.14,0.58,0.00
,,,20140518.50,1361.84,0.58,0.01,0.05,0.58,1331.09,0.56,0.01,0.20,0.60,0.00
,,,20140519.50,1361.72,0.58,0.01,0.05,0.58,1330.44,0.56,0.01,0.17,0.59,0.00
,,,20140520.50,1361.69,0.58,0.01,0.04,0.58,1329.90,0.56,0.01,0.15,0.58,0.00
,,,20140521.50,1361.59,0.58,0.01,0.05,0.58,1329.23,0.56,0.01,0.15,0.58,0.00
,,,20140522.50,1361.64,0.58,0.01,0.06,0.58,1328.78,0.56,0.01,0.18,0.59,0.00
,,,20140523.50,1361.57,0.58,0.01,0.06,0.58,1328.19,0.56,0.01,0.18,0.59,0.00
,,,20140524.50,1361.48,0.58,0.01,0.06,0.58,1327.60,0.56,0.01,0.16,0.59,0.00
,,,20140525.50,1361.50,0.58,0.01,0.06,0.58,1327.10,0.56,0.01,0.14,0.58,0.00
,,,20140526.50,1361.52,0.58,0.01,0.06,0.58,1326.66,0.56,0.01,0.15,0.58,0.00
,,,20140527.50,1361.47,0.58,0.01,0.05,0.58,1326.12,0.56,0.01,0.16,0.58,0.00
,,,20140528.50,1361.43,0.58,0.01,0.05,0.58,1325.68,0.56,0.01,0.12,0.57,0.00
,,,20140529.50,1361.49,0.58,0.01,0.07,0.58,1325.27,0.56,0.01,0.12,0.58,0.00
,,,20140530.50,1361.47,0.58,0.01,0.04,0.58,1324.81,0.56,0.01,0.12,0.57,0.00
,,,20140531.50,1361.48,0.58,0.01,0.05,0.58,1324.44,0.56,0.01,0.13,0.58,0.00
,,,20140601.50,1361.47,0.58,0.01,0.05,0.58,1324.01,0.56,0.01,0.13,0.58,0.00
,,,20140602.50,1361.49,0.58,0.01,0.06,0.58,1323.65,0.56,0.01,0.11,0.57,0.00
,,,20140603.50,1361.56,0.58,0.01,0.06,0.58,1323.35,0.56,0.01,0.11,0.57,0.00
,,,20140604.50,1361.55,0.58,0.01,0.04,0.58,1323.02,0.56,0.01,0.11,0.57,0.00
,,,20140605.50,1361.50,0.58,0.01,0.07,0.58,1322.60,0.56,0.01,0.15,0.58,0.00
,,,20140606.50,1361.22,0.58,0.01,0.13,0.59,1322.01,0.56,0.01,0.21,0.60,0.00
,,,20140607.50,1360.85,0.58,0.01,0.08,0.58,1321.30,0.56,0.01,0.16,0.58,0.00
,,,20140608.50,1360.70,0.58,0.01,0.05,0.58,1320.85,0.56,0.01,0.09,0.57,0.00
,,,20140609.50,1360.66,0.58,0.01,0.07,0.58,1320.49,0.56,0.01,0.14,0.58,0.00
,,,20140610.50,1360.75,0.58,0.01,0.12,0.59,1320.28,0.56,0.01,0.05,0.56,0.00
,,,20140611.50,1361.19,0.58,0.01,0.12,0.59,1320.44,0.56,0.01,0.05,0.56,0.00
,,,20140612.50,1361.48,0.58,0.01,0.09,0.58,1320.44,0.56,0.01,0.04,0.56,0.00
,,,20140613.50,1361.72,0.58,0.01,0.07,0.58,1320.40,0.56,0.01,0.07,0.56,0.00
,,,20140614.50,1361.68,0.58,0.01,0.11,0.59,1320.10,0.56,0.01,0.18,0.59,0.00
,,,20140615.50,1361.34,0.58,0.01,0.07,0.58,1319.51,0.56,0.01,0.13,0.57,0.00
,,,20140616.50,1361.27,0.58,0.01,0.06,0.58,1319.19,0.56,0.01,0.07,0.56,0.00
,,,20140617.50,1361.29,0.58,0.01,0.05,0.58,1318.99,0.56,0.01,0.06,0.56,0.00
,,,20140618.50,1361.38,0.58,0.01,0.05,0.58,1318.85,0.56,0.01,0.08,0.56,0.00
,,,20140619.50,1361.40,0.58,0.01,0.06,0.58,1318.65,0.56,0.01,0.10,0.57,0.00
,,,20140620.50,1361.36,0.58,0.01,0.05,0.58,1318.42,0.56,0.01,0.08,0.57,0.00
,,,20140621.50,1361.35,0.58,0.01,0.05,0.58,1318.21,0.56,0.01,0.07,0.56,0.00
,,,20140622.50,1361.41,0.58,0.01,0.05,0.58,1318.08,0.56,0.01,0.07,0.56,0.00
,,,20140623.50,1361.36,0.58,0.01,0.06,0.58,1317.87,0.56,0.01,0.09,0.57,0.00
,,,20140624.50,1361.25,0.58,0.01,0.06,0.58,1317.61,0.56,0.01,0.09,0.57,0.00
,,,20140625.50,1361.16,0.58,0.01,0.05,0.58,1317.39,0.56,0.01,0.05,0.56,0.00
,,,20140626.50,1361.23,0.58,0.01,0.05,0.58,1317.34,0.56,0.01,0.06,0.56,0.00
,,,20140627.50,1361.22,0.58,0.01,0.04,0.58,1317.23,0.56,0.01,0.04,0.56,0.00
,,,20140628.50,1361.28,0.58,0.01,0.07,0.58,1317.20,0.56,0.01,0.06,0.56,0.00
,,,20140629.50,1361.50,0.58,0.01,0.05,0.58,1317.34,0.56,0.01,0.05,0.56,0.00
,,,20140630.50,1361.64,0.58,0.01,0.05,0.58,1317.41,0.56,0.01,0.04,0.56,0.00
,,,20140701.50,1361.59,0.58,0.01,0.10,0.59,1317.31,0.56,0.01,0.11,0.57,0.00
,,,20140702.50,1361.29,0.58,0.01,0.11,0.59,1317.00,0.56,0.01,0.11,0.57,0.00
,,,20140703.50,1361.01,0.58,0.01,0.09,0.58,1316.72,0.56,0.01,0.08,0.57,0.00
,,,20140704.50,1360.89,0.58,0.01,0.06,0.58,1316.60,0.56,0.01,0.06,0.56,0.00
,,,20140705.50,1360.58,0.58,0.01,0.14,0.60,1316.31,0.56,0.01,0.13,0.57,0.00
,,,20140706.50,1360.22,0.58,0.01,0.08,0.58,1315.99,0.56,0.01,0.07,0.56,0.00
,,,20140707.50,1360.14,0.58,0.01,0.05,0.58,1315.95,0.56,0.01,0.06,0.56,0.00
,,,20140708.50,1360.39,0.58,0.01,0.18,0.61,1316.24,0.56,0.01,0.19,0.59,0.00
,,,20140709.50,1360.99,0.58,0.01,0.14,0.59,1316.88,0.56,0.01,0.15,0.58,0.00
,,,20140710.50,1361.26,0.58,0.01,0.09,0.59,1317.20,0.56,0.01,0.11,0.57,0.00
,,,20140711.50,1361.41,0.58,0.01,0.05,0.58,1317.42,0.56,0.01,0.06,0.56,0.00
,,,20140712.50,1361.55,0.58,0.01,0.07,0.58,1317.65,0.56,0.01,0.09,0.57,0.00
,,,20140713.50,1361.68,0.58,0.01,0.05,0.58,1317.86,0.56,0.01,0.06,0.56,0.00
,,,20140714.50,1361.70,0.58,0.01,0.06,0.58,1317.98,0.56,0.01,0.06,0.56,0.00
,,,20140715.50,1361.64,0.58,0.01,0.06,0.58,1318.02,0.56,0.01,0.04,0.56,0.00
,,,20140716.50,1361.56,0.58,0.01,0.07,0.58,1318.08,0.56,0.01,0.06,0.56,0.00
,,,20140717.50,1361.56,0.58,0.01,0.05,0.58,1318.18,0.56,0.01,0.03,0.56,0.00
,,,20140718.50,1361.41,0.58,0.01,0.05,0.58,1318.21,0.56,0.01,0.04,0.56,0.00
,,,20140719.50,1361.27,0.58,0.01,0.06,0.58,1318.22,0.56,0.01,0.04,0.56,0.00
,,,20140720.50,1361.11,0.58,0.01,0.06,0.58,1318.23,0.56,0.01,0.05,0.56,0.00
,,,20140721.50,1361.10,0.58,0.01,0.04,0.58,1318.40,0.56,0.01,0.07,0.56,0.00
,,,20140722.50,1361.16,0.58,0.01,0.06,0.58,1318.64,0.56,0.01,0.11,0.57,0.00
,,,20140723.50,1361.23,0.58,0.01,0.06,0.58,1318.92,0.56,0.01,0.08,0.57,0.00
,,,20140724.50,1361.21,0.58,0.01,0.04,0.58,1319.13,0.56,0.01,0.08,0.57,0.00
,,,20140725.50,1361.25,0.58,0.01,0.06,0.58,1319.40,0.56,0.01,0.09,0.57,0.00
,,,20140726.50,1361.35,0.58,0.01,0.05,0.58,1319.74,0.56,0.01,0.11,0.57,0.00
,,,20140727.50,1361.45,0.58,0.01,0.07,0.58,1320.10,0.56,0.01,0.13,0.58,0.00
,,,20140728.50,1361.60,0.58,0.01,0.07,0.58,1320.52,0.56,0.01,0.14,0.58,0.00
,,,20140729.50,1361.72,0.58,0.01,0.06,0.58,1320.93,0.56,0.01,0.14,0.58,0.00
,,,20140730.50,1361.82,0.58,0.01,0.04,0.58,1321.32,0.56,0.01,0.11,0.57,0.00
,,,20140731.50,1361.91,0.58,0.01,0.05,0.58,1321.72,0.56,0.01,0.12,0.57,0.00
,,,20140801.50,1362.02,0.58,0.01,0.05,0.58,1322.16,0.56,0.01,0.14,0.58,0.00
,,,20140802.50,1362.01,0.58,0.01,0.07,0.58,1322.51,0.56,0.01,0.08,0.57,0.00
,,,20140803.50,1361.94,0.58,0.01,0.06,0.58,1322.78,0.56,0.01,0.10,0.57,0.00
,,,20140804.50,1361.96,0.58,0.01,0.06,0.58,1323.21,0.56,0.01,0.15,0.58,0.00
,,,20140805.50,1361.88,0.58,0.01,0.05,0.58,1323.55,0.56,0.01,0.12,0.57,0.00
,,,20140806.50,1361.80,0.58,0.01,0.07,0.58,1323.84,0.56,0.01,0.08,0.57,0.00
,,,20140807.50,1361.70,0.58,0.01,0.06,0.58,1324.15,0.56,0.01,0.12,0.57,0.00
,,,20140808.50,1361.56,0.58,0.01,0.08,0.58,1324.41,0.56,0.01,0.07,0.57,0.00
,,,20140809.50,1361.43,0.58,0.01,0.05,0.58,1324.70,0.56,0.01,0.13,0.58,0.00
,,,20140810.50,1361.38,0.58,0.01,0.06,0.58,1325.05,0.56,0.01,0.12,0.58,0.00
,,,20140811.50,1361.37,0.58,0.01,0.05,0.58,1325.50,0.56,0.01,0.12,0.58,0.00
,,,20140812.50,1361.38,0.58,0.01,0.05,0.58,1325.94,0.56,0.01,0.14,0.58,0.00
,,,20140813.50,1361.33,0.58,0.01,0.05,0.58,1326.33,0.56,0.01,0.14,0.58,0.00
,,,20140814.50,1361.25,0.58,0.01,0.06,0.58,1326.68,0.56,0.01,0.13,0.58,0.00
,,,20140815.50,1361.08,0.58,0.01,0.08,0.58,1326.95,0.56,0.01,0.07,0.57,0.00
,,,20140816.50,1360.93,0.58,0.01,0.05,0.58,1327.26,0.56,0.01,0.14,0.58,0.00
,,,20140817.50,1360.99,0.58,0.01,0.05,0.58,1327.81,0.56,0.01,0.16,0.58,0.00
,,,20140818.50,1361.13,0.58,0.01,0.07,0.58,1328.45,0.56,0.01,0.20,0.60,0.00
,,,20140819.50,1361.21,0.58,0.01,0.04,0.58,1329.04,0.56,0.01,0.18,0.59,0.00
,,,20140820.50,1361.23,0.58,0.01,0.06,0.58,1329.55,0.56,0.01,0.18,0.59,0.00
,,,20140821.50,1361.16,0.58,0.01,0.05,0.58,1330.01,0.56,0.01,0.17,0.59,0.00
,,,20140822.50,1361.29,0.58,0.01,0.06,0.58,1330.65,0.57,0.01,0.20,0.60,0.00
,,,20140823.50,1361.39,0.58,0.01,0.06,0.58,1331.30,0.57,0.01,0.19,0.60,0.00
,,,20140824.50,1361.41,0.58,0.01,0.05,0.58,1331.86,0.57,0.01,0.15,0.58,0.00
,,,20140825.50,1361.31,0.58,0.01,0.07,0.58,1332.34,0.57,0.01,0.13,0.58,0.00
,,,20140826.50,1361.34,0.58,0.01,0.05,0.58,1332.92,0.57,0.01,0.20,0.60,0.00
,,,20140827.50,1361.48,0.58,0.01,0.08,0.58,1333.66,0.57,0.01,0.21,0.60,0.00
,,,20140828.50,1361.59,0.58,0.01,0.06,0.58,1334.37,0.57,0.01,0.19,0.60,0.00
,,,20140829.50,1361.52,0.58,0.01,0.06,0.58,1334.93,0.57,0.01,0.14,0.58,0.00
,,,20140830.50,1361.46,0.58,0.01,0.04,0.58,1335.48,0.57,0.01,0.19,0.60,0.00
,,,20140831.50,1361.50,0.58,0.01,0.05,0.58,1336.17,0.57,0.01,0.20,0.60,0.00
,,,20140901.50,1361.54,0.58,0.01,0.05,0.58,1336.85,0.57,0.01,0.23,0.61,0.00
,,,20140902.50,1361.45,0.58,0.01,0.06,0.58,1337.45,0.57,0.01,0.16,0.59,0.00
,,,20140903.50,1361.43,0.58,0.01,0.04,0.58,1338.03,0.57,0.01,0.22,0.61,0.00
,,,20140904.50,1361.44,0.58,0.01,0.07,0.58,1338.70,0.57,0.01,0.28,0.63,0.00
,,,20140905.50,1361.53,0.58,0.01,0.05,0.58,1339.46,0.57,0.01,0.22,0.61,0.00
,,,20140906.50,1361.47,0.58,0.01,0.05,0.58,1340.09,0.57,0.01,0.19,0.60,0.00
,,,20140907.50,1361.36,0.58,0.01,0.08,0.58,1340.63,0.57,0.01,0.16,0.59,0.00
,,,20140908.50,1361.08,0.58,0.01,0.11,0.59,1341.00,0.57,0.01,0.12,0.58,0.00
,,,20140909.50,1360.82,0.58,0.01,0.05,0.58,1341.48,0.57,0.01,0.20,0.60,0.00
,,,20140910.50,1360.87,0.58,0.01,0.07,0.58,1342.21,0.57,0.01,0.28,0.64,0.00
,,,20140911.50,1361.07,0.58,0.01,0.12,0.59,1343.09,0.57,0.01,0.34,0.66,0.00
,,,20140912.50,1361.39,0.58,0.01,0.10,0.59,1344.12,0.57,0.01,0.29,0.64,0.00
,,,20140913.50,1361.67,0.58,0.01,0.09,0.59,1345.14,0.57,0.01,0.28,0.64,0.00
,,,20140914.50,1361.81,0.58,0.01,0.07,0.58,1345.85,0.57,0.01,0.28,0.63,0.00
,,,20140915.50,1361.86,0.58,0.01,0.04,0.58,1346.64,0.57,0.01,0.21,0.61,0.00
,,,20140916.50,1361.74,0.58,0.01,0.07,0.58,1347.30,0.57,0.01,0.17,0.60,0.00
,,,20140917.50,1361.65,0.58,0.01,0.04,0.58,1347.88,0.57,0.01,0.24,0.62,0.00
,,,20140918.50,1361.74,0.58,0.01,0.07,0.58,1348.71,0.57,0.01,0.27,0.63,0.00
,,,20140919.50,1361.77,0.58,0.01,0.06,0.58,1349.53,0.57,0.01,0.22,0.62,0.00
,,,20140920.50,1361.71,0.58,0.01,0.04,0.58,1350.08,0.57,0.01,0.21,0.61,0.00
,,,20140921.50,1361.65,0.58,0.01,0.05,0.58,1350.81,0.57,0.01,0.19,0.60,0.00
,,,20140922.50,1361.54,0.58,0.01,0.07,0.58,1351.41,0.57,0.01,0.19,0.60,0.00
,,,20140923.50,1361.40,0.58,0.01,0.06,0.58,1351.91,0.57,0.01,0.23,0.62,0.00
,,,20140924.50,1361.25,0.58,0.01,0.09,0.58,1352.45,0.57,0.01,0.17,0.60,0.00
,,,20140925.50,1361.00,0.58,0.01,0.12,0.59,1352.95,0.57,0.01,0.12,0.59,0.00
,,,20140926.50,1360.79,0.58,0.01,0.07,0.58,1353.57,0.58,0.01,0.23,0.62,0.00
,,,20140927.50,1360.84,0.58,0.01,0.07,0.58,1354.41,0.58,0.01,0.24,0.62,0.00
,,,20140928.50,1361.13,0.58,0.01,0.06,0.58,1355.45,0.58,0.01,0.28,0.64,0.00
,,,20140929.50,1361.42,0.58,0.01,0.13,0.59,1356.61,0.58,0.01,0.41,0.71,0.00
,,,20140930.50,1361.67,0.58,0.01,0.06,0.58,1357.70,0.58,0.01,0.33,0.66,0.00
,,,20141001.50,1361.73,0.58,0.01,0.06,0.58,1358.41,0.58,0.01,0.22,0.62,0.00
,,,20141002.50,1361.74,0.58,0.01,0.05,0.58,1359.30,0.58,0.01,0.27,0.64,0.00
,,,20141003.50,1361.76,0.58,0.01,0.04,0.58,1360.18,0.58,0.01,0.25,0.63,0.00
,,,20141004.50,1361.87,0.58,0.01,0.05,0.58,1361.15,0.58,0.01,0.27,0.64,0.00
,,,20141005.50,1361.99,0.58,0.01,0.05,0.58,1361.99,0.58,0.01,0.26,0.64,0.00
,,,20141006.50,1361.99,0.58,0.01,0.05,0.58,1362.75,0.58,0.01,0.27,0.64,0.00
,,,20141007.50,1361.98,0.58,0.01,0.05,0.58,1363.51,0.58,0.01,0.22,0.62,0.00
,,,20141008.50,1361.87,0.58,0.01,0.07,0.58,1364.26,0.58,0.01,0.18,0.61,0.00
,,,20141009.50,1361.75,0.58,0.01,0.06,0.58,1364.86,0.58,0.01,0.29,0.65,0.00
,,,20141010.50,1361.73,0.58,0.01,0.05,0.58,1365.64,0.58,0.01,0.23,0.62,0.00
,,,20141011.50,1361.68,0.58,0.01,0.05,0.58,1366.38,0.58,0.01,0.23,0.62,0.00
,,,20141012.50,1361.59,0.58,0.01,0.06,0.58,1367.06,0.58,0.01,0.16,0.60,0.00
,,,20141013.50,1361.48,0.58,0.01,0.04,0.58,1367.70,0.58,0.01,0.25,0.63,0.00
,,,20141014.50,1361.41,0.58,0.01,0.05,0.58,1368.39,0.58,0.01,0.23,0.63,0.00
,,,20141015.50,1361.40,0.58,0.01,0.04,0.58,1369.15,0.58,0.01,0.26,0.64,0.00
,,,20141016.50,1361.47,0.58,0.01,0.06,0.58,1369.97,0.58,0.01,0.28,0.64,0.00
,,,20141017.50,1361.50,0.58,0.01,0.05,0.58,1370.81,0.58,0.01,0.24,0.63,0.00
,,,20141018.50,1361.44,0.58,0.01,0.07,0.58,1371.46,0.58,0.01,0.17,0.61,0.00
,,,20141019.50,1361.00,0.58,0.01,0.19,0.61,1371.84,0.58,0.01,0.05,0.59,0.00
,,,20141020.50,1360.28,0.58,0.01,0.27,0.64,1371.81,0.58,0.01,0.06,0.59,0.00
,,,20141021.50,1359.58,0.58,0.01,0.21,0.61,1371.76,0.58,0.01,0.04,0.58,0.00
,,,20141022.50,1358.79,0.58,0.01,0.18,0.60,1371.76,0.58,0.01,0.05,0.59,0.00
,,,20141023.50,1358.52,0.58,0.01,0.06,0.58,1372.29,0.58,0.01,0.29,0.65,0.00
,,,20141024.50,1358.81,0.58,0.01,0.15,0.60,1373.29,0.58,0.01,0.34,0.68,0.00
,,,20141025.50,1359.40,0.58,0.01,0.19,0.61,1374.72,0.58,0.01,0.39,0.70,0.00
,,,20141026.50,1360.08,0.58,0.01,0.22,0.62,1376.18,0.59,0.01,0.44,0.73,0.00
,,,20141027.50,1360.78,0.58,0.01,0.22,0.62,1377.56,0.59,0.01,0.44,0.73,0.00
,,,20141028.50,1361.29,0.58,0.01,0.08,0.58,1378.89,0.59,0.01,0.28,0.65,0.00
,,,20141029.50,1361.56,0.58,0.01,0.07,0.58,1379.89,0.59,0.01,0.28,0.65,0.00
,,,20141030.50,1361.68,0.58,0.01,0.07,0.58,1380.80,0.59,0.01,0.29,0.65,0.00
,,,20141031.50,1361.77,0.58,0.01,0.04,0.58,1381.64,0.59,0.01,0.24,0.63,0.00
,,,20141101.50,1361.76,0.58,0.01,0.05,0.58,1382.44,0.59,0.01,0.19,0.62,0.00
,,,20141102.50,1361.58,0.58,0.01,0.05,0.58,1382.92,0.59,0.01,0.21,0.62,0.00
,,,20141103.50,1361.53,0.58,0.01,0.04,0.58,1383.55,0.59,0.01,0.22,0.63,0.00
,,,20141104.50,1361.58,0.58,0.01,0.05,0.58,1384.35,0.59,0.01,0.26,0.64,0.00
,,,20141105.50,1361.61,0.58,0.01,0.07,0.58,1385.10,0.59,0.01,0.29,0.66,0.00
,,,20141106.50,1361.67,0.58,0.01,0.05,0.58,1385.88,0.59,0.01,0.22,0.63,0.00
,,,20141107.50,1361.66,0.58,0.01,0.06,0.58,1386.50,0.59,0.01,0.18,0.62,0.00
,,,20141108.50,1361.56,0.58,0.01,0.05,0.58,1387.09,0.59,0.01,0.20,0.62,0.00
,,,20141109.50,1361.51,0.58,0.01,0.05,0.58,1387.79,0.59,0.01,0.22,0.63,0.00
,,,20141110.50,1361.51,0.58,0.01,0.05,0.58,1388.47,0.59,0.01,0.18,0.62,0.00
,,,20141111.50,1361.48,0.58,0.01,0.04,0.58,1389.09,0.59,0.01,0.16,0.61,0.00
,,,20141112.50,1361.64,0.58,0.01,0.08,0.59,1389.77,0.59,0.01,0.28,0.65,0.00
,,,20141113.50,1361.97,0.58,0.01,0.08,0.58,1390.82,0.59,0.01,0.23,0.64,0.00
,,,20141114.50,1362.08,0.58,0.01,0.06,0.58,1391.36,0.59,0.01,0.19,0.62,0.00
,,,20141115.50,1362.12,0.58,0.01,0.07,0.58,1392.00,0.59,0.01,0.10,0.60,0.00
,,,20141116.50,1361.76,0.58,0.01,0.13,0.59,1392.40,0.59,0.01,0.07,0.60,0.00
,,,20141117.50,1361.41,0.58,0.01,0.09,0.59,1392.66,0.59,0.01,0.11,0.60,0.00
,,,20141118.50,1361.22,0.58,0.01,0.08,0.58,1393.01,0.59,0.01,0.14,0.61,0.00
,,,20141119.50,1361.09,0.58,0.01,0.07,0.58,1393.27,0.59,0.01,0.08,0.60,0.00
,,,20141120.50,1361.14,0.58,0.01,0.03,0.58,1393.91,0.59,0.01,0.10,0.60,0.00
,,,20141121.50,1361.25,0.58,0.01,0.01,0.58,1394.98,0.59,0.01,0.01,0.59,0.00
,,,20141122.50,1361.27,0.58,0.01,0.00,0.58,1395.08,0.59,0.01,0.00,0.59,0.00
,,,20141123.50,1361.40,0.58,0.01,0.06,0.58,1396.07,0.59,0.01,0.15,0.61,0.00
,,,20141124.50,1361.37,0.58,0.01,0.06,0.58,1396.51,0.59,0.01,0.16,0.61,0.00
,,,20141125.50,1361.37,0.58,0.01,0.04,0.58,1397.06,0.59,0.01,0.16,0.62,0.00
,,,20141126.50,1361.34,0.58,0.01,0.05,0.58,1397.51,0.59,0.01,0.12,0.61,0.00
,,,20141127.50,1361.21,0.58,0.01,0.06,0.58,1397.96,0.59,0.01,0.10,0.60,0.00
,,,20141128.50,1361.13,0.58,0.01,0.06,0.58,1398.41,0.59,0.01,0.16,0.62,0.00
,,,20141129.50,1361.10,0.58,0.01,0.04,0.58,1398.82,0.60,0.01,0.16,0.62,0.00
,,,20141130.50,1361.08,0.58,0.01,0.06,0.58,1399.28,0.60,0.01,0.17,0.62,0.00
,,,20141201.50,1361.07,0.58,0.01,0.05,0.58,1399.79,0.60,0.01,0.16,0.62,0.00
,,,20141202.50,1361.02,0.58,0.01,0.05,0.58,1400.24,0.60,0.01,0.14,0.61,0.00
,,,20141203.50,1361.13,0.58,0.01,0.06,0.58,1400.79,0.60,0.01,0.16,0.62,0.00
,,,20141204.50,1361.35,0.58,0.01,0.07,0.58,1401.41,0.60,0.01,0.19,0.63,0.00
,,,20141205.50,1361.52,0.58,0.01,0.06,0.58,1402.01,0.60,0.01,0.17,0.62,0.00
,,,20141206.50,1361.61,0.58,0.01,0.06,0.58,1402.50,0.60,0.01,0.16,0.62,0.00
,,,20141207.50,1361.62,0.58,0.01,0.05,0.58,1402.92,0.60,0.01,0.12,0.61,0.00
,,,20141208.50,1361.63,0.58,0.01,0.05,0.58,1403.31,0.60,0.01,0.12,0.61,0.00
,,,20141209.50,1361.59,0.58,0.01,0.05,0.58,1403.64,0.60,0.01,0.13,0.61,0.00
,,,20141210.50,1361.66,0.58,0.01,0.04,0.58,1404.05,0.60,0.01,0.12,0.61,0.00
,,,20141211.50,1361.72,0.58,0.01,0.07,0.58,1404.43,0.60,0.01,0.13,0.61,0.00
,,,20141212.50,1361.76,0.58,0.01,0.07,0.58,1404.77,0.60,0.01,0.13,0.61,0.00
,,,20141213.50,1361.89,0.58,0.01,0.05,0.58,1405.20,0.60,0.01,0.13,0.61,0.00
,,,20141214.50,1361.79,0.58,0.01,0.08,0.58,1405.40,0.60,0.01,0.05,0.60,0.00
,,,20141215.50,1361.53,0.58,0.01,0.17,0.60,1405.37,0.60,0.01,0.10,0.61,0.00
,,,20141216.50,1361.06,0.58,0.01,0.14,0.59,1405.16,0.60,0.01,0.07,0.60,0.00
,,,20141217.50,1360.54,0.58,0.01,0.17,0.60,1404.85,0.60,0.01,0.09,0.60,0.00
,,,20141218.50,1360.23,0.58,0.01,0.08,0.58,1404.75,0.60,0.01,0.13,0.61,0.00
,,,20141219.50,1360.60,0.58,0.01,0.11,0.59,1405.37,0.60,0.01,0.17,0.62,0.00
,,,20141220.50,1360.97,0.58,0.01,0.12,0.59,1405.95,0.60,0.01,0.18,0.62,0.00
,,,20141221.50,1361.35,0.58,0.01,0.11,0.59,1406.55,0.60,0.01,0.16,0.62,0.00
,,,20141222.50,1361.67,0.58,0.01,0.11,0.59,1407.07,0.60,0.01,0.16,0.62,0.00
,,,20141223.50,1361.90,0.58,0.01,0.06,0.58,1407.48,0.60,0.01,0.10,0.61,0.00
,,,20141224.50,1361.92,0.58,0.01,0.06,0.58,1407.67,0.60,0.01,0.05,0.60,0.00
,,,20141225.50,1361.76,0.58,0.01,0.07,0.58,1407.67,0.60,0.01,0.05,0.60,0.00
,,,20141226.50,1361.62,0.58,0.01,0.06,0.58,1407.66,0.60,0.01,0.06,0.60,0.00
,,,20141227.50,1361.59,0.58,0.01,0.05,0.58,1407.77,0.60,0.01,0.08,0.60,0.00
,,,20141228.50,1361.63,0.58,0.01,0.05,0.58,1407.93,0.60,0.01,0.06,0.60,0.00
,,,20141229.50,1361.56,0.58,0.01,0.07,0.58,1407.97,0.60,0.01,0.05,0.60,0.00
,,,20141230.50,1361.44,0.58,0.01,0.04,0.58,1407.93,0.60,0.01,0.04,0.60,0.00
,,,20141231.50,1361.35,0.58,0.01,0.07,0.58,1407.91,0.60,0.01,0.06,0.60,0.00
,,,20150101.50,1361.10,0.58,0.01,0.08,0.58,1407.72,0.60,0.01,0.07,0.60,0.00
,,,20150102.50,1360.88,0.58,0.01,0.09,0.59,1407.54,0.60,0.01,0.08,0.60,0.00
,,,20150103.50,1360.79,0.58,0.01,0.05,0.58,1407.46,0.60,0.01,0.05,0.60,0.00
,,,20150104.50,1360.92,0.58,0.01,0.08,0.58,1407.60,0.60,0.01,0.08,0.60,0.00
,,,20150105.50,1361.22,0.58,0.01,0.12,0.59,1407.90,0.60,0.01,0.12,0.61,0.00
,,,20150106.50,1361.58,0.58,0.01,0.14,0.60,1408.24,0.60,0.01,0.13,0.61,0.00
,,,20150107.50,1361.83,0.58,0.01,0.05,0.58,1408.46,0.60,0.01,0.05,0.60,0.00
,,,20150108.50,1361.93,0.58,0.01,0.05,0.58,1408.50,0.60,0.01,0.06,0.60,0.00
,,,20150109.50,1361.87,0.58,0.01,0.06,0.58,1408.32,0.60,0.01,0.06,0.60,0.00
,,,20150110.50,1361.89,0.58,0.01,0.07,0.58,1408.24,0.60,0.01,0.09,0.61,0.00
,,,20150111.50,1361.77,0.58,0.01,0.05,0.58,1408.01,0.60,0.01,0.07,0.60,0.00
,,,20150112.50,1361.73,0.58,0.01,0.05,0.58,1407.88,0.60,0.01,0.05,0.60,0.00
,,,20150113.50,1361.95,0.58,0.01,0.06,0.58,1407.90,0.60,0.01,0.06,0.60,0.00
,,,20150114.50,1362.07,0.58,0.01,0.05,0.58,1407.88,0.60,0.01,0.06,0.60,0.00
,,,20150115.50,1362.16,0.58,0.01,0.05,0.58,1407.80,0.60,0.01,0.06,0.60,0.00
,,,20150116.50,1362.10,0.58,0.01,0.04,0.58,1407.60,0.60,0.01,0.04,0.60,0.00
,,,20150117.50,1362.09,0.58,0.01,0.06,0.58,1407.32,0.60,0.01,0.10,0.61,0.00
,,,20150118.50,1361.85,0.58,0.01,0.10,0.59,1406.85,0.60,0.01,0.16,0.62,0.00
,,,20150119.50,1361.57,0.58,0.01,0.07,0.58,1406.37,0.60,0.01,0.12,0.61,0.00
,,,20150120.50,1361.53,0.58,0.01,0.07,0.58,1406.09,0.60,0.01,0.06,0.60,0.00
,,,20150121.50,1361.57,0.58,0.01,0.07,0.58,1405.88,0.60,0.01,0.07,0.60,0.00
,,,20150122.50,1361.58,0.58,0.01,0.04,0.58,1405.66,0.60,0.01,0.09,0.61,0.00
,,,20150123.50,1361.53,0.58,0.01,0.05,0.58,1405.34,0.60,0.01,0.12,0.61,0.00
,,,20150124.50,1361.46,0.58,0.01,0.05,0.58,1404.97,0.60,0.01,0.09,0.61,0.00
,,,20150125.50,1361.32,0.58,0.01,0.06,0.58,1404.54,0.60,0.01,0.12,0.61,0.00
,,,20150126.50,1361.09,0.58,0.01,0.14,0.60,1404.04,0.60,0.01,0.21,0.63,0.00
,,,20150127.50,1360.87,0.58,0.01,0.05,0.58,1403.49,0.60,0.01,0.08,0.60,0.00
,,,20150128.50,1360.99,0.58,0.01,0.08,0.58,1403.32,0.60,0.01,0.07,0.60,0.00
,,,20150129.50,1361.21,0.58,0.01,0.10,0.59,1403.20,0.60,0.01,0.07,0.60,0.00
,,,20150130.50,1361.46,0.58,0.01,0.10,0.59,1403.13,0.60,0.01,0.06,0.60,0.00
,,,20150131.50,1361.71,0.58,0.01,0.09,0.59,1403.00,0.60,0.01,0.07,0.60,0.00
,,,20150201.50,1361.84,0.58,0.01,0.07,0.58,1402.71,0.60,0.01,0.10,0.61,0.00
,,,20150202.50,1361.97,0.58,0.01,0.06,0.58,1402.47,0.60,0.01,0.10,0.61,0.00
,,,20150203.50,1362.02,0.58,0.01,0.05,0.58,1402.10,0.60,0.01,0.12,0.61,0.00
,,,20150204.50,1362.07,0.58,0.01,0.06,0.58,1401.75,0.60,0.01,0.10,0.61,0.00
,,,20150205.50,1362.18,0.58,0.01,0.08,0.59,1401.43,0.60,0.01,0.08,0.60,0.00
,,,20150206.50,1362.26,0.58,0.01,0.05,0.58,1401.02,0.60,0.01,0.16,0.62,0.00
,,,20150207.50,1362.20,0.58,0.01,0.08,0.59,1400.52,0.60,0.01,0.22,0.63,0.00
,,,20150208.50,1362.07,0.58,0.01,0.05,0.58,1399.90,0.60,0.01,0.16,0.62,0.00
,,,20150209.50,1362.08,0.58,0.01,0.06,0.58,1399.42,0.60,0.01,0.17,0.62,0.00
,,,20150210.50,1362.12,0.58,0.01,0.04,0.58,1398.94,0.60,0.01,0.15,0.62,0.00
,,,20150211.50,1362.09,0.58,0.01,0.05,0.58,1398.35,0.60,0.01,0.19,0.63,0.00
,,,20150212.50,1362.01,0.58,0.01,0.06,0.58,1397.76,0.60,0.01,0.22,0.64,0.00
,,,20150213.50,1361.88,0.58,0.01,0.06,0.58,1397.06,0.60,0.01,0.20,0.63,0.00
,,,20150214.50,1361.76,0.58,0.01,0.07,0.58,1396.42,0.59,0.01,0.24,0.64,0.00
,,,20150215.50,1361.66,0.58,0.01,0.05,0.58,1395.73,0.59,0.01,0.20,0.63,0.00
,,,20150216.50,1361.64,0.58,0.01,0.05,0.58,1395.11,0.59,0.01,0.18,0.62,0.00
,,,20150217.50,1361.63,0.58,0.01,0.05,0.58,1394.56,0.59,0.01,0.19,0.62,0.00
,,,20150218.50,1361.73,0.58,0.01,0.05,0.58,1394.06,0.59,0.01,0.16,0.62,0.00
,,,20150219.50,1361.76,0.58,0.01,0.05,0.58,1393.50,0.59,0.01,0.17,0.62,0.00
,,,20150220.50,1361.74,0.58,0.01,0.05,0.58,1392.88,0.59,0.01,0.20,0.63,0.00
,,,20150221.50,1361.69,0.58,0.01,0.05,0.58,1392.23,0.59,0.01,0.20,0.63,0.00
,,,20150222.50,1361.60,0.58,0.01,0.06,0.58,1391.52,0.59,0.01,0.21,0.63,0.00
,,,20150223.50,1361.59,0.58,0.01,0.04,0.58,1390.87,0.59,0.01,0.18,0.62,0.00
,,,20150224.50,1361.71,0.58,0.01,0.07,0.58,1390.39,0.59,0.01,0.16,0.61,0.00
,,,20150225.50,1361.83,0.58,0.01,0.05,0.58,1389.90,0.59,0.01,0.21,0.63,0.00
,,,20150226.50,1361.92,0.58,0.01,0.05,0.58,1389.38,0.59,0.01,0.18,0.62,0.00
,,,20150227.50,1361.87,0.58,0.01,0.06,0.58,1388.66,0.59,0.01,0.25,0.64,0.00
,,,20150228.50,1361.90,0.58,0.01,0.06,0.58,1387.97,0.59,0.01,0.19,0.62,0.00
,,,20150301.50,1361.93,0.58,0.01,0.04,0.58,1387.38,0.59,0.01,0.24,0.64,0.00
,,,20150302.50,1361.94,0.58,0.01,0.05,0.58,1386.71,0.59,0.01,0.20,0.62,0.00
,,,20150303.50,1362.05,0.58,0.01,0.08,0.59,1386.17,0.59,0.01,0.15,0.61,0.00
,,,20150304.50,1362.21,0.58,0.01,0.06,0.58,1385.70,0.59,0.01,0.18,0.62,0.00
,,,20150305.50,1362.24,0.58,0.01,0.05,0.58,1385.21,0.59,0.01,0.11,0.60,0.00
,,,20150306.50,1362.22,0.58,0.01,0.06,0.58,1384.41,0.59,0.01,0.17,0.61,0.00
,,,20150307.50,1362.16,0.58,0.01,0.06,0.58,1383.60,0.59,0.01,0.22,0.63,0.00
,,,20150308.50,1362.05,0.58,0.01,0.03,0.58,1382.73,0.59,0.01,0.21,0.63,0.00
,,,20150309.50,1361.89,0.58,0.01,0.08,0.59,1381.77,0.59,0.01,0.28,0.65,0.00
,,,20150310.50,1361.62,0.58,0.01,0.07,0.58,1380.64,0.59,0.01,0.24,0.63,0.00
,,,20150311.50,1361.35,0.58,0.01,0.09,0.59,1379.66,0.59,0.01,0.29,0.65,0.00
,,,20150312.50,1361.16,0.58,0.01,0.07,0.58,1378.72,0.59,0.01,0.28,0.65,0.00
,,,20150313.50,1361.23,0.58,0.01,0.08,0.59,1378.05,0.59,0.01,0.23,0.63,0.00
,,,20150314.50,1361.22,0.58,0.01,0.06,0.58,1377.26,0.59,0.01,0.30,0.66,0.00
,,,20150315.50,1361.24,0.58,0.01,0.06,0.58,1376.55,0.59,0.01,0.22,0.63,0.00
,,,20150316.50,1361.36,0.58,0.01,0.07,0.58,1375.89,0.59,0.01,0.20,0.62,0.00
,,,20150317.50,1361.46,0.58,0.01,0.05,0.58,1375.23,0.59,0.01,0.23,0.63,0.00
,,,20150318.50,1361.50,0.58,0.01,0.04,0.58,1374.48,0.59,0.01,0.24,0.63,0.00
,,,20150319.50,1361.49,0.58,0.01,0.05,0.58,1373.72,0.59,0.01,0.24,0.63,0.00
,,,20150320.50,1361.48,0.58,0.01,0.04,0.58,1372.93,0.59,0.01,0.25,0.64,0.00
,,,20150321.50,1361.46,0.58,0.01,0.05,0.58,1372.13,0.58,0.01,0.24,0.63,0.00
,,,20150322.50,1361.52,0.58,0.01,0.05,0.58,1371.41,0.58,0.01,0.20,0.62,0.00
,,,20150323.50,1361.59,0.58,0.01,0.05,0.58,1370.75,0.58,0.01,0.23,0.63,0.00
,,,20150324.50,1361.60,0.58,0.01,0.05,0.58,1370.04,0.58,0.01,0.22,0.62,0.00
,,,20150325.50,1361.57,0.58,0.01,0.05,0.58,1369.26,0.58,0.01,0.23,0.63,0.00
,,,20150326.50,1361.61,0.58,0.01,0.06,0.58,1368.51,0.58,0.01,0.20,0.62,0.00
,,,20150327.50,1361.65,0.58,0.01,0.05,0.58,1367.82,0.58,0.01,0.18,0.61,0.00
,,,20150328.50,1361.67,0.58,0.01,0.05,0.58,1367.02,0.58,0.01,0.24,0.63,0.00
,,,20150329.50,1361.67,0.58,0.01,0.07,0.58,1366.23,0.58,0.01,0.20,0.62,0.00
,,,20150330.50,1361.80,0.58,0.01,0.09,0.59,1365.57,0.58,0.01,0.15,0.60,0.00
,,,20150331.50,1361.97,0.58,0.01,0.07,0.59,1365.01,0.58,0.01,0.17,0.61,0.00
,,,20150401.50,1362.07,0.58,0.01,0.07,0.58,1364.34,0.58,0.01,0.20,0.61,0.00
,,,20150402.50,1362.14,0.58,0.01,0.05,0.58,1363.62,0.58,0.01,0.25,0.63,0.00
,,,20150403.50,1362.09,0.58,0.01,0.05,0.58,1362.81,0.58,0.01,0.21,0.62,0.00
,,,20150404.50,1362.06,0.58,0.01,0.05,0.58,1361.99,0.58,0.01,0.26,0.63,0.00
,,,20150405.50,1361.88,0.58,0.01,0.08,0.59,1360.98,0.58,0.01,0.28,0.64,0.00
,,,20150406.50,1361.71,0.58,0.01,0.06,0.58,1360.03,0.58,0.01,0.26,0.63,0.00
,,,20150407.50,1361.57,0.58,0.01,0.06,0.58,1359.14,0.58,0.01,0.26,0.63,0.00
,,,20150408.50,1361.51,0.58,0.01,0.05,0.58,1358.28,0.58,0.01,0.23,0.62,0.00
,,,20150409.50,1361.53,0.58,0.01,0.05,0.58,1357.53,0.58,0.01,0.25,0.63,0.00
,,,20150410.50,1361.55,0.58,0.01,0.06,0.58,1356.81,0.58,0.01,0.24,0.63,0.00
,,,20150411.50,1361.59,0.58,0.01,0.05,0.58,1355.96,0.58,0.01,0.22,0.62,0.00
,,,20150412.50,1361.55,0.58,0.01,0.05,0.58,1355.13,0.58,0.01,0.26,0.63,0.00
,,,20150413.50,1361.51,0.58,0.01,0.06,0.58,1354.29,0.58,0.01,0.29,0.64,0.00
,,,20150414.50,1361.40,0.58,0.01,0.07,0.58,1353.41,0.58,0.01,0.29,0.65,0.00
,,,20150415.50,1361.22,0.58,0.01,0.07,0.59,1352.46,0.58,0.01,0.29,0.65,0.00
,,,20150416.50,1361.08,0.58,0.01,0.07,0.59,1351.60,0.58,0.01,0.29,0.65,0.00
,,,20150417.50,1361.09,0.58,0.01,0.06,0.58,1350.87,0.58,0.01,0.17,0.60,0.00
,,,20150418.50,1361.22,0.58,0.01,0.07,0.58,1350.24,0.58,0.01,0.19,0.61,0.00
,,,20150419.50,1361.31,0.58,0.01,0.07,0.59,1349.60,0.58,0.01,0.16,0.60,0.00
,,,20150420.50,1361.58,0.58,0.01,0.10,0.59,1349.08,0.58,0.01,0.14,0.59,0.00
,,,20150421.50,1361.77,0.58,0.01,0.06,0.58,1348.50,0.58,0.01,0.19,0.61,0.00
,,,20150422.50,1361.88,0.58,0.01,0.07,0.58,1347.91,0.57,0.01,0.18,0.60,0.00
,,,20150423.50,1361.97,0.58,0.01,0.05,0.58,1347.27,0.57,0.01,0.22,0.62,0.00
,,,20150424.50,1361.86,0.58,0.01,0.08,0.59,1346.52,0.57,0.01,0.25,0.62,0.00
,,,20150425.50,1361.80,0.58,0.01,0.05,0.58,1345.79,0.57,0.01,0.19,0.60,0.00
,,,20150426.50,1361.78,0.58,0.01,0.04,0.58,1345.02,0.57,0.01,0.19,0.60,0.00
,,,20150427.50,1361.84,0.58,0.01,0.06,0.58,1344.36,0.57,0.01,0.19,0.60,0.00
,,,20150428.50,1361.89,0.58,0.01,0.06,0.58,1343.73,0.57,0.01,0.24,0.62,0.00
,,,20150429.50,1361.84,0.58,0.01,0.05,0.58,1343.03,0.57,0.01,0.23,0.62,0.00
,,,20150430.50,1361.80,0.58,0.01,0.04,0.58,1342.30,0.57,0.01,0.21,0.61,0.00
,,,20150501.50,1361.77,0.58,0.01,0.06,0.58,1341.59,0.57,0.01,0.21,0.61,0.00
,,,20150502.50,1361.67,0.58,0.01,0.05,0.58,1340.85,0.57,0.01,0.20,0.61,0.00
,,,20150503.50,1361.49,0.58,0.01,0.09,0.59,1340.00,0.57,0.01,0.25,0.63,0.00
,,,20150504.50,1361.24,0.58,0.01,0.06,0.58,1339.09,0.57,0.01,0.22,0.61,0.00
,,,20150505.50,1361.16,0.58,0.01,0.04,0.58,1338.40,0.57,0.01,0.18,0.60,0.00
,,,20150506.50,1361.15,0.58,0.01,0.05,0.58,1337.69,0.57,0.01,0.21,0.61,0.00
,,,20150507.50,1361.18,0.58,0.01,0.05,0.58,1337.05,0.57,0.01,0.22,0.61,0.00
,,,20150508.50,1361.10,0.58,0.01,0.05,0.58,1336.35,0.57,0.01,0.18,0.60,0.00
,,,20150509.50,1361.08,0.58,0.01,0.05,0.58,1335.65,0.57,0.01,0.20,0.60,0.00
,,,20150510.50,1361.04,0.58,0.01,0.06,0.58,1335.00,0.57,0.01,0.19,0.60,0.00
,,,20150511.50,1361.08,0.58,0.01,0.05,0.58,1334.43,0.57,0.01,0.16,0.59,0.00
,,,20150512.50,1361.16,0.58,0.01,0.06,0.58,1333.88,0.57,0.01,0.15,0.59,0.00
,,,20150513.50,1361.25,0.58,0.01,0.07,0.59,1333.41,0.57,0.01,0.14,0.58,0.00
,,,20150514.50,1361.50,0.58,0.01,0.08,0.59,1333.00,0.57,0.01,0.13,0.58,0.00
,,,20150515.50,1361.69,0.58,0.01,0.07,0.59,1332.60,0.57,0.01,0.14,0.58,0.00
,,,20150516.50,1361.80,0.58,0.01,0.04,0.58,1332.12,0.57,0.01,0.16,0.59,0.00
,,,20150517.50,1361.82,0.58,0.01,0.05,0.58,1331.60,0.57,0.01,0.21,0.60,0.00
,,,20150518.50,1361.82,0.58,0.01,0.05,0.58,1331.03,0.57,0.01,0.14,0.58,0.00
,,,20150519.50,1361.86,0.58,0.01,0.05,0.58,1330.55,0.57,0.01,0.16,0.59,0.00
,,,20150520.50,1361.91,0.58,0.01,0.05,0.58,1330.11,0.57,0.01,0.15,0.59,0.00
,,,20150521.50,1361.81,0.58,0.01,0.06,0.58,1329.49,0.57,0.01,0.18,0.59,0.00
,,,20150522.50,1361.67,0.58,0.01,0.06,0.58,1328.89,0.57,0.01,0.17,0.59,0.00
,,,20150523.50,1361.56,0.58,0.01,0.06,0.58,1328.24,0.57,0.01,0.17,0.59,0.00
,,,20150524.50,1361.47,0.58,0.01,0.05,0.58,1327.70,0.57,0.01,0.13,0.58,0.00
,,,20150525.50,1361.51,0.58,0.01,0.05,0.58,1327.27,0.57,0.01,0.13,0.58,0.00
,,,20150526.50,1361.56,0.58,0.01,0.06,0.58,1326.86,0.57,0.01,0.14,0.58,0.00
,,,20150527.50,1361.57,0.58,0.01,0.05,0.58,1326.42,0.57,0.01,0.13,0.58,0.00
,,,20150528.50,1361.57,0.58,0.01,0.05,0.58,1325.97,0.57,0.01,0.16,0.59,0.00
,,,20150529.50,1361.47,0.58,0.01,0.06,0.58,1325.42,0.57,0.01,0.18,0.59,0.00
,,,20150530.50,1361.37,0.58,0.01,0.05,0.58,1324.94,0.57,0.01,0.14,0.58,0.00
,,,20150531.50,1361.34,0.58,0.01,0.05,0.58,1324.50,0.57,0.01,0.13,0.58,0.00
,,,20150601.50,1361.38,0.58,0.01,0.06,0.58,1324.11,0.57,0.01,0.14,0.58,0.00
,,,20150602.50,1361.50,0.58,0.01,0.07,0.59,1323.83,0.57,0.01,0.09,0.57,0.00
,,,20150603.50,1361.65,0.58,0.01,0.05,0.58,1323.56,0.56,0.01,0.10,0.57,0.00
,,,20150604.50,1361.70,0.58,0.01,0.05,0.58,1323.27,0.56,0.01,0.11,0.57,0.00
,,,20150605.50,1361.69,0.58,0.01,0.05,0.58,1322.88,0.56,0.01,0.12,0.58,0.00
,,,20150606.50,1361.70,0.58,0.01,0.05,0.58,1322.57,0.56,0.01,0.15,0.58,0.00
,,,20150607.50,1361.58,0.58,0.01,0.08,0.59,1322.03,0.56,0.01,0.18,0.59,0.00
,,,20150608.50,1361.56,0.58,0.01,0.06,0.58,1321.67,0.56,0.01,0.09,0.57,0.00
,,,20150609.50,1361.65,0.58,0.01,0.07,0.59,1321.43,0.56,0.01,0.08,0.57,0.00
,,,20150610.50,1361.74,0.58,0.01,0.06,0.58,1321.21,0.56,0.01,0.09,0.57,0.00
,,,20150611.50,1361.88,0.58,0.01,0.06,0.58,1321.03,0.56,0.01,0.08,0.57,0.00
,,,20150612.50,1361.93,0.58,0.01,0.05,0.58,1320.78,0.56,0.01,0.11,0.57,0.00
,,,20150613.50,1361.93,0.58,0.01,0.06,0.58,1320.48,0.56,0.01,0.12,0.58,0.00
,,,20150614.50,1361.77,0.58,0.01,0.09,0.59,1320.05,0.56,0.01,0.16,0.59,0.00
,,,20150615.50,1361.62,0.58,0.01,0.07,0.59,1319.64,0.56,0.01,0.14,0.58,0.00
,,,20150616.50,1361.43,0.58,0.01,0.09,0.59,1319.22,0.56,0.01,0.16,0.59,0.00
,,,20150617.50,1361.21,0.58,0.01,0.07,0.59,1318.80,0.56,0.01,0.13,0.58,0.00
,,,20150618.50,1360.90,0.58,0.01,0.11,0.59,1318.26,0.56,0.01,0.17,0.59,0.00
,,,20150619.50,1360.59,0.58,0.01,0.08,0.59,1317.78,0.56,0.01,0.13,0.58,0.00
,,,20150620.50,1360.38,0.58,0.01,0.06,0.58,1317.39,0.56,0.01,0.10,0.57,0.00
,,,20150621.50,1360.34,0.58,0.01,0.05,0.58,1317.18,0.56,0.01,0.05,0.56,0.00
,,,20150622.50,1360.43,0.58,0.01,0.06,0.58,1317.12,0.56,0.01,0.07,0.57,0.00
,,,20150623.50,1360.49,0.58,0.01,0.07,0.59,1317.04,0.56,0.01,0.06,0.57,0.00
,,,20150624.50,1360.72,0.58,0.01,0.11,0.59,1317.15,0.56,0.01,0.07,0.57,0.00
,,,20150625.50,1360.98,0.58,0.01,0.08,0.59,1317.28,0.56,0.01,0.05,0.57,0.00
,,,20150626.50,1361.12,0.58,0.01,0.07,0.59,1317.31,0.56,0.01,0.05,0.56,0.00
,,,20150627.50,1361.25,0.58,0.01,0.06,0.58,1317.35,0.56,0.01,0.04,0.56,0.00
,,,20150628.50,1361.33,0.58,0.01,0.05,0.58,1317.34,0.56,0.01,0.04,0.56,0.00
,,,20150629.50,1361.44,0.58,0.01,0.07,0.59,1317.37,0.56,0.01,0.06,0.57,0.00
,,,20150630.50,1361.57,0.58,0.01,0.05,0.58,1317.44,0.56,0.01,0.04,0.56,0.00
,,,20150701.50,1361.56,0.58,0.01,0.04,0.58,1317.38,0.56,0.01,0.05,0.56,0.00
,,,20150702.50,1361.54,0.58,0.01,0.04,0.58,1317.32,0.56,0.01,0.05,0.56,0.00
,,,20150703.50,1361.54,0.58,0.01,0.05,0.58,1317.28,0.56,0.01,0.05,0.56,0.00
,,,20150704.50,1361.55,0.58,0.01,0.05,0.58,1317.26,0.56,0.01,0.05,0.56,0.00
,,,20150705.50,1361.52,0.58,0.01,0.08,0.59,1317.22,0.56,0.01,0.08,0.57,0.00
,,,20150706.50,1361.34,0.58,0.01,0.06,0.58,1317.03,0.56,0.01,0.06,0.57,0.00
,,,20150707.50,1361.38,0.58,0.01,0.04,0.58,1317.08,0.56,0.01,0.04,0.56,0.00
,,,20150708.50,1361.43,0.58,0.01,0.07,0.59,1317.14,0.56,0.01,0.07,0.57,0.00
,,,20150709.50,1361.53,0.58,0.01,0.05,0.58,1317.26,0.56,0.01,0.05,0.57,0.00
,,,20150710.50,1361.49,0.58,0.01,0.05,0.58,1317.25,0.56,0.01,0.05,0.56,0.00
,,,20150711.50,1361.55,0.58,0.01,0.05,0.58,1317.37,0.56,0.01,0.06,0.57,0.00
,,,20150712.50,1361.57,0.58,0.01,0.05,0.58,1317.45,0.56,0.01,0.06,0.57,0.00
,,,20150713.50,1361.66,0.58,0.01,0.05,0.58,1317.62,0.56,0.01,0.05,0.57,0.00
,,,20150714.50,1361.68,0.58,0.01,0.05,0.58,1317.73,0.56,0.01,0.06,0.57,0.00
,,,20150715.50,1361.62,0.58,0.01,0.05,0.58,1317.79,0.56,0.01,0.05,0.57,0.00
,,,20150716.50,1361.56,0.58,0.01,0.05,0.58,1317.86,0.56,0.01,0.05,0.57,0.00
,,,20150717.50,1361.54,0.58,0.01,0.05,0.58,1317.98,0.56,0.01,0.05,0.57,0.00
,,,20150718.50,1361.50,0.58,0.01,0.05,0.58,1318.09,0.56,0.01,0.04,0.56,0.00
,,,20150719.50,1361.39,0.58,0.01,0.07,0.59,1318.15,0.56,0.01,0.05,0.57,0.00
,,,20150720.50,1361.26,0.58,0.01,0.05,0.58,1318.22,0.56,0.01,0.08,0.57,0.00
,,,20150721.50,1361.27,0.58,0.01,0.05,0.58,1318.46,0.56,0.01,0.10,0.57,0.00
,,,20150722.50,1361.28,0.58,0.01,0.05,0.58,1318.69,0.56,0.01,0.07,0.57,0.00
,,,20150723.50,1361.27,0.58,0.01,0.06,0.58,1318.91,0.56,0.01,0.10,0.57,0.00
,,,20150724.50,1361.28,0.58,0.01,0.06,0.58,1319.15,0.56,0.01,0.08,0.57,0.00
,,,20150725.50,1361.28,0.58,0.01,0.05,0.58,1319.40,0.56,0.01,0.09,0.57,0.00
,,,20150726.50,1361.20,0.58,0.01,0.05,0.58,1319.59,0.56,0.01,0.10,0.57,0.00
,,,20150727.50,1361.28,0.58,0.01,0.07,0.59,1319.93,0.56,0.01,0.13,0.58,0.00
,,,20150728.50,1361.41,0.58,0.01,0.06,0.58,1320.34,0.56,0.01,0.13,0.58,0.00
,,,20150729.50,1361.55,0.58,0.01,0.06,0.58,1320.78,0.56,0.01,0.13,0.58,0.00
,,,20150730.50,1361.63,0.58,0.01,0.05,0.58,1321.13,0.56,0.01,0.13,0.58,0.00
,,,20150731.50,1361.67,0.58,0.01,0.06,0.58,1321.67,0.56,0.01,0.06,0.57,0.00
,,,20150801.50,1361.64,0.58,0.01,0.05,0.58,1321.81,0.56,0.01,0.11,0.58,0.00
,,,20150802.50,1361.61,0.58,0.01,0.05,0.58,1322.11,0.56,0.01,0.11,0.58,0.00
,,,20150803.50,1361.64,0.58,0.01,0.06,0.58,1322.44,0.57,0.01,0.11,0.58,0.00
,,,20150804.50,1361.57,0.58,0.01,0.07,0.59,1322.74,0.57,0.01,0.08,0.57,0.00
,,,20150805.50,1361.40,0.58,0.01,0.10,0.59,1322.90,0.57,0.01,0.05,0.57,0.00
,,,20150806.50,1361.10,0.58,0.01,0.10,0.59,1322.96,0.57,0.01,0.05,0.57,0.00
,,,20150807.50,1360.81,0.58,0.01,0.09,0.59,1323.08,0.57,0.01,0.07,0.57,0.00
,,,20150808.50,1360.75,0.58,0.01,0.04,0.58,1323.40,0.57,0.01,0.12,0.58,0.00
,,,20150809.50,1360.81,0.58,0.01,0.05,0.58,1323.85,0.57,0.01,0.14,0.58,0.00
,,,20150810.50,1361.01,0.58,0.01,0.10,0.59,1324.43,0.57,0.01,0.21,0.60,0.00
,,,20150811.50,1361.26,0.58,0.01,0.11,0.59,1325.10,0.57,0.01,0.24,0.61,0.00
,,,20150812.50,1361.39,0.58,0.01,0.07,0.59,1325.65,0.57,0.01,0.18,0.59,0.00
,,,20150813.50,1361.43,0.58,0.01,0.07,0.59,1326.16,0.57,0.01,0.11,0.58,0.00
,,,20150814.50,1361.30,0.58,0.01,0.05,0.58,1326.50,0.57,0.01,0.15,0.59,0.00
,,,20150815.50,1361.28,0.58,0.01,0.05,0.58,1326.92,0.57,0.01,0.14,0.58,0.00
,,,20150816.50,1361.25,0.58,0.01,0.04,0.58,1327.39,0.57,0.01,0.15,0.59,0.00
,,,20150817.50,1361.22,0.58,0.01,0.04,0.58,1327.83,0.57,0.01,0.16,0.59,0.00
,,,20150818.50,1361.24,0.58,0.01,0.04,0.58,1328.35,0.57,0.01,0.17,0.59,0.00
,,,20150819.50,1361.20,0.58,0.01,0.04,0.58,1328.83,0.57,0.01,0.14,0.59,0.00
,,,20150820.50,1361.14,0.58,0.01,0.07,0.59,1329.33,0.57,0.01,0.15,0.59,0.00
,,,20150821.50,1360.97,0.58,0.01,0.12,0.59,1329.69,0.57,0.01,0.10,0.58,0.00
,,,20150822.50,1360.72,0.58,0.01,0.10,0.59,1330.00,0.57,0.01,0.11,0.58,0.00
,,,20150823.50,1360.44,0.58,0.01,0.10,0.59,1330.32,0.57,0.01,0.12,0.58,0.00
,,,20150824.50,1360.27,0.58,0.01,0.05,0.58,1330.70,0.57,0.01,0.16,0.59,0.00
,,,20150825.50,1360.44,0.58,0.01,0.09,0.59,1331.52,0.57,0.01,0.24,0.62,0.00
,,,20150826.50,1360.82,0.58,0.01,0.12,0.59,1332.48,0.57,0.01,0.27,0.63,0.00
,,,20150827.50,1361.18,0.58,0.01,0.11,0.59,1333.35,0.57,0.01,0.27,0.63,0.00
,,,20150828.50,1361.46,0.58,0.01,0.08,0.59,1334.27,0.57,0.01,0.25,0.62,0.00
,,,20150829.50,1361.58,0.58,0.01,0.05,0.58,1334.92,0.57,0.01,0.20,0.60,0.00
,,,20150830.50,1361.59,0.58,0.01,0.05,0.58,1335.59,0.57,0.01,0.19,0.60,0.00
,,,20150831.50,1361.60,0.58,0.01,0.05,0.58,1336.23,0.57,0.01,0.17,0.60,0.00
,,,20150901.50,1361.57,0.58,0.01,0.05,0.58,1336.80,0.57,0.01,0.16,0.59,0.00
,,,20150902.50,1361.49,0.58,0.01,0.06,0.58,1337.34,0.57,0.01,0.17,0.60,0.00
,,,20150903.50,1361.43,0.58,0.01,0.05,0.58,1337.85,0.57,0.01,0.18,0.60,0.00
,,,20150904.50,1361.42,0.58,0.01,0.04,0.58,1338.47,0.57,0.01,0.21,0.61,0.00
,,,20150905.50,1361.37,0.58,0.01,0.05,0.58,1339.05,0.57,0.01,0.19,0.60,0.00
,,,20150906.50,1361.36,0.58,0.01,0.05,0.58,1339.67,0.57,0.01,0.18,0.60,0.00
,,,20150907.50,1361.36,0.58,0.01,0.04,0.58,1340.34,0.57,0.01,0.18,0.60,0.00
,,,20150908.50,1361.29,0.58,0.01,0.05,0.58,1340.92,0.57,0.01,0.18,0.60,0.00
,,,20150909.50,1361.23,0.58,0.01,0.06,0.58,1341.55,0.57,0.01,0.17,0.60,0.00
,,,20150910.50,1361.15,0.58,0.01,0.05,0.58,1342.18,0.57,0.01,0.20,0.61,0.00
,,,20150911.50,1360.98,0.58,0.01,0.09,0.59,1342.71,0.57,0.01,0.14,0.59,0.00
,,,20150912.50,1360.85,0.58,0.01,0.06,0.58,1343.26,0.57,0.01,0.20,0.61,0.00
,,,20150913.50,1360.94,0.58,0.01,0.06,0.59,1344.02,0.57,0.01,0.25,0.63,0.00
,,,20150914.50,1361.06,0.58,0.01,0.05,0.58,1344.91,0.58,0.01,0.24,0.63,0.00
,,,20150915.50,1361.06,0.58,0.01,0.06,0.58,1345.61,0.58,0.01,0.18,0.60,0.00
,,,20150916.50,1360.92,0.58,0.01,0.07,0.59,1346.19,0.58,0.01,0.19,0.60,0.00
,,,20150917.50,1360.88,0.58,0.01,0.04,0.58,1346.91,0.58,0.01,0.22,0.62,0.00
,,,20150918.50,1360.88,0.58,0.01,0.05,0.58,1347.67,0.58,0.01,0.23,0.62,0.00
,,,20150919.50,1361.01,0.58,0.01,0.07,0.59,1348.50,0.58,0.01,0.28,0.64,0.00
,,,20150920.50,1361.23,0.58,0.01,0.07,0.59,1349.52,0.58,0.01,0.26,0.63,0.00
,,,20150921.50,1361.33,0.58,0.01,0.06,0.59,1350.33,0.58,0.01,0.28,0.64,0.00
,,,20150922.50,1361.41,0.58,0.01,0.05,0.58,1351.18,0.58,0.01,0.23,0.62,0.00
,,,20150923.50,1361.37,0.58,0.01,0.06,0.59,1351.91,0.58,0.01,0.20,0.61,0.00
,,,20150924.50,1361.26,0.58,0.01,0.08,0.59,1352.63,0.58,0.01,0.18,0.61,0.00
,,,20150925.50,1360.92,0.58,0.01,0.12,0.59,1353.03,0.58,0.01,0.12,0.59,0.00
,,,20150926.50,1360.64,0.58,0.01,0.06,0.59,1353.49,0.58,0.01,0.17,0.60,0.00
,,,20150927.50,1360.64,0.58,0.01,0.04,0.58,1354.25,0.58,0.01,0.23,0.62,0.00
,,,20150928.50,1360.62,0.58,0.01,0.05,0.58,1355.00,0.58,0.01,0.24,0.63,0.00
,,,20150929.50,1360.67,0.58,0.01,0.05,0.58,1355.83,0.58,0.01,0.26,0.64,0.00
,,,20150930.50,1360.86,0.58,0.01,0.11,0.59,1356.81,0.58,0.01,0.34,0.67,0.00
,,,20151001.50,1361.09,0.58,0.01,0.05,0.58,1357.81,0.58,0.01,0.29,0.65,0.00
,,,20151002.50,1361.16,0.58,0.01,0.05,0.58,1358.69,0.58,0.01,0.24,0.63,0.00
,,,20151003.50,1361.18,0.58,0.01,0.04,0.58,1359.41,0.58,0.01,0.24,0.63,0.00
,,,20151004.50,1361.19,0.58,0.01,0.05,0.58,1360.15,0.58,0.01,0.23,0.63,0.00
,,,20151005.50,1361.19,0.58,0.01,0.05,0.58,1360.98,0.58,0.01,0.25,0.63,0.00
,,,20151006.50,1361.12,0.58,0.01,0.05,0.58,1361.76,0.58,0.01,0.19,0.61,0.00
,,,20151007.50,1361.11,0.58,0.01,0.05,0.58,1362.47,0.58,0.01,0.20,0.62,0.00
,,,20151008.50,1361.02,0.58,0.01,0.04,0.58,1363.10,0.58,0.01,0.22,0.62,0.00
,,,20151009.50,1361.10,0.58,0.01,0.05,0.58,1364.00,0.58,0.01,0.24,0.63,0.00
,,,20151010.50,1361.11,0.58,0.01,0.05,0.58,1364.71,0.58,0.01,0.20,0.62,0.00
,,,20151011.50,1361.18,0.58,0.01,0.05,0.59,1365.50,0.58,0.01,0.27,0.65,0.00
,,,20151012.50,1361.21,0.58,0.01,0.05,0.58,1366.23,0.58,0.01,0.22,0.62,0.00
,,,20151013.50,1361.20,0.58,0.01,0.05,0.58,1367.09,0.59,0.01,0.26,0.64,0.00
,,,20151014.50,1361.30,0.58,0.01,0.05,0.58,1368.18,0.59,0.01,0.12,0.60,0.00
,,,20151015.50,1361.36,0.58,0.01,0.05,0.58,1369.00,0.59,0.01,0.13,0.60,0.00
,,,20151016.50,1361.38,0.58,0.01,0.06,0.59,1369.73,0.59,0.01,0.20,0.62,0.00
,,,20151017.50,1361.44,0.58,0.01,0.06,0.59,1370.53,0.59,0.01,0.23,0.63,0.00
,,,20151018.50,1361.60,0.58,0.01,0.05,0.59,1371.50,0.59,0.01,0.24,0.63,0.00
,,,20151019.50,1361.65,0.58,0.01,0.05,0.58,1372.29,0.59,0.01,0.17,0.61,0.00
,,,20151020.50,1361.55,0.58,0.01,0.03,0.58,1373.11,0.59,0.01,0.14,0.60,0.00
,,,20151021.50,1361.45,0.58,0.01,0.06,0.59,1373.76,0.59,0.01,0.20,0.62,0.00
,,,20151022.50,1361.45,0.58,0.01,0.06,0.59,1374.54,0.59,0.01,0.30,0.66,0.00
,,,20151023.50,1361.55,0.58,0.01,0.06,0.59,1375.42,0.59,0.01,0.32,0.67,0.00
,,,20151024.50,1361.59,0.58,0.01,0.05,0.58,1376.23,0.59,0.01,0.24,0.63,0.00
,,,20151025.50,1361.57,0.58,0.01,0.06,0.59,1376.96,0.59,0.01,0.18,0.62,0.00
,,,20151026.50,1361.51,0.58,0.01,0.05,0.59,1377.62,0.59,0.01,0.24,0.64,0.00
,,,20151027.50,1361.55,0.58,0.01,0.06,0.59,1378.49,0.59,0.01,0.23,0.63,0.00
,,,20151028.50,1361.48,0.58,0.01,0.06,0.59,1379.14,0.59,0.01,0.18,0.62,0.00
,,,20151029.50,1361.38,0.58,0.01,0.06,0.59,1379.79,0.59,0.01,0.18,0.62,0.00
,,,20151030.50,1361.17,0.58,0.01,0.11,0.59,1380.21,0.59,0.01,0.14,0.61,0.00
,,,20151031.50,1360.88,0.58,0.01,0.12,0.60,1380.63,0.59,0.01,0.10,0.60,0.00
,,,20151101.50,1360.61,0.58,0.01,0.09,0.59,1381.07,0.59,0.01,0.13,0.60,0.00
,,,20151102.50,1360.39,0.58,0.01,0.05,0.58,1381.57,0.59,0.01,0.19,0.62,0.00
,,,20151103.50,1360.40,0.58,0.01,0.06,0.59,1382.25,0.59,0.01,0.26,0.65,0.00
,,,20151104.50,1360.70,0.58,0.01,0.13,0.60,1383.29,0.59,0.01,0.33,0.68,0.00
,,,20151105.50,1360.92,0.58,0.01,0.08,0.59,1384.21,0.59,0.01,0.26,0.65,0.00
,,,20151106.50,1361.10,0.58,0.01,0.08,0.59,1385.03,0.59,0.01,0.27,0.65,0.00
,,,20151107.50,1361.27,0.58,0.01,0.06,0.59,1385.87,0.59,0.01,0.22,0.63,0.00
,,,20151108.50,1361.33,0.58,0.01,0.06,0.59,1386.63,0.59,0.01,0.22,0.63,0.00
,,,20151109.50,1361.36,0.58,0.01,0.05,0.58,1387.33,0.59,0.01,0.18,0.62,0.00
,,,20151110.50,1361.33,0.58,0.01,0.05,0.59,1387.95,0.59,0.01,0.20,0.63,0.00
,,,20151111.50,1361.33,0.58,0.01,0.05,0.59,1388.53,0.59,0.01,0.21,0.63,0.00
,,,20151112.50,1361.43,0.58,0.01,0.05,0.59,1389.32,0.59,0.01,0.23,0.64,0.00
,,,20151113.50,1361.62,0.58,0.01,0.08,0.59,1390.19,0.60,0.01,0.27,0.65,0.00
,,,20151114.50,1361.83,0.58,0.01,0.07,0.59,1391.06,0.60,0.01,0.24,0.64,0.00
,,,20151115.50,1361.90,0.58,0.01,0.05,0.58,1391.77,0.60,0.01,0.20,0.63,0.00
,,,20151116.50,1361.89,0.58,0.01,0.05,0.59,1392.44,0.60,0.01,0.19,0.63,0.00
,,,20151117.50,1361.78,0.58,0.01,0.07,0.59,1392.91,0.60,0.01,0.15,0.61,0.00
,,,20151118.50,1361.72,0.58,0.01,0.06,0.59,1393.44,0.60,0.01,0.17,0.62,0.00
,,,20151119.50,1361.69,0.58,0.01,0.06,0.59,1394.06,0.60,0.01,0.19,0.63,0.00
,,,20151120.50,1361.77,0.58,0.01,0.05,0.59,1394.73,0.60,0.01,0.20,0.63,0.00
,,,20151121.50,1361.72,0.58,0.01,0.05,0.59,1395.26,0.60,0.01,0.15,0.62,0.00
,,,20151122.50,1361.69,0.58,0.01,0.05,0.58,1395.81,0.60,0.01,0.18,0.62,0.00
,,,20151123.50,1361.71,0.58,0.01,0.06,0.59,1396.43,0.60,0.01,0.13,0.61,0.00
,,,20151124.50,1361.58,0.58,0.01,0.07,0.59,1396.84,0.60,0.01,0.12,0.61,0.00
,,,20151125.50,1361.43,0.58,0.01,0.07,0.59,1397.20,0.60,0.01,0.13,0.61,0.00
,,,20151126.50,1361.37,0.58,0.01,0.05,0.59,1397.66,0.60,0.01,0.14,0.61,0.00
,,,20151127.50,1361.30,0.58,0.01,0.05,0.58,1398.05,0.60,0.01,0.16,0.62,0.00
,,,20151128.50,1361.26,0.58,0.01,0.06,0.59,1398.51,0.60,0.01,0.14,0.61,0.00
,,,20151129.50,1361.27,0.58,0.01,0.05,0.59,1399.04,0.60,0.01,0.14,0.61,0.00
,,,20151130.50,1361.24,0.58,0.01,0.06,0.59,1399.53,0.60,0.01,0.16,0.62,0.00
,,,20151201.50,1361.26,0.58,0.01,0.04,0.58,1399.98,0.60,0.01,0.14,0.61,0.00
,,,20151202.50,1361.28,0.58,0.01,0.06,0.59,1400.42,0.60,0.01,0.15,0.62,0.00
,,,20151203.50,1361.31,0.58,0.01,0.06,0.59,1400.77,0.60,0.01,0.16,0.62,0.00
,,,20151204.50,1361.34,0.58,0.01,0.05,0.59,1401.23,0.60,0.01,0.11,0.61,0.00
,,,20151205.50,1361.30,0.58,0.01,0.05,0.59,1401.70,0.60,0.01,0.13,0.61,0.00
,,,20151206.50,1361.30,0.58,0.01,0.07,0.59,1402.10,0.60,0.01,0.07,0.60,0.00
,,,20151207.50,1361.24,0.58,0.01,0.06,0.59,1402.39,0.60,0.01,0.09,0.61,0.00
,,,20151208.50,1361.19,0.58,0.01,0.04,0.58,1402.59,0.60,0.01,0.06,0.60,0.00
,,,20151209.50,1361.23,0.58,0.01,0.04,0.58,1403.12,0.60,0.01,0.08,0.61,0.00
,,,20151210.50,1361.42,0.58,0.01,0.05,0.59,1403.67,0.60,0.01,0.11,0.61,0.00
,,,20151211.50,1361.53,0.58,0.01,0.06,0.59,1404.07,0.60,0.01,0.14,0.62,0.00
,,,20151212.50,1361.65,0.58,0.01,0.05,0.59,1404.52,0.60,0.01,0.12,0.61,0.00
,,,20151213.50,1361.69,0.58,0.01,0.03,0.58,1404.85,0.60,0.01,0.08,0.61,0.00
,,,20151214.50,1361.60,0.58,0.01,0.07,0.59,1405.14,0.60,0.01,0.05,0.60,0.00
,,,20151215.50,1361.39,0.58,0.01,0.10,0.59,1405.17,0.60,0.01,0.05,0.60,0.00
,,,20151216.50,1361.15,0.58,0.01,0.06,0.59,1405.20,0.60,0.01,0.07,0.61,0.00
,,,20151217.50,1361.07,0.58,0.01,0.05,0.59,1405.44,0.60,0.01,0.11,0.61,0.00
,,,20151218.50,1361.05,0.58,0.01,0.05,0.59,1405.67,0.60,0.01,0.11,0.61,0.00
,,,20151219.50,1361.06,0.58,0.01,0.05,0.59,1405.96,0.60,0.01,0.08,0.61,0.00
,,,20151220.50,1361.14,0.58,0.01,0.05,0.58,1406.22,0.60,0.01,0.09,0.61,0.00
,,,20151221.50,1361.24,0.58,0.01,0.06,0.59,1406.58,0.60,0.01,0.12,0.61,0.00
,,,20151222.50,1361.35,0.58,0.01,0.06,0.59,1406.90,0.60,0.01,0.10,0.61,0.00
,,,20151223.50,1361.33,0.58,0.01,0.06,0.59,1407.06,0.60,0.01,0.06,0.61,0.00
,,,20151224.50,1361.21,0.58,0.01,0.08,0.59,1407.11,0.60,0.01,0.05,0.60,0.00
,,,20151225.50,1361.04,0.58,0.01,0.08,0.59,1407.08,0.60,0.01,0.06,0.61,0.00
,,,20151226.50,1360.89,0.58,0.01,0.05,0.59,1407.06,0.60,0.01,0.06,0.61,0.00
,,,20151227.50,1360.90,0.58,0.01,0.05,0.58,1407.18,0.60,0.01,0.06,0.61,0.00
,,,20151228.50,1360.90,0.58,0.01,0.06,0.59,1407.28,0.60,0.01,0.08,0.61,0.00
,,,20151229.50,1361.07,0.58,0.01,0.09,0.59,1407.53,0.60,0.01,0.11,0.61,0.00
,,,20151230.50,1361.28,0.58,0.01,0.07,0.59,1407.81,0.60,0.01,0.09,0.61,0.00
,,,20151231.50,1361.43,0.58,0.01,0.08,0.59,1408.01,0.60,0.01,0.09,0.61,0.00
,,,20160101.50,1361.48,0.58,0.01,0.05,0.59,1408.10,0.60,0.01,0.05,0.61,0.00
,,,20160102.50,1361.39,0.58,0.01,0.07,0.59,1408.02,0.60,0.01,0.07,0.61,0.00
,,,20160103.50,1361.25,0.58,0.01,0.07,0.59,1407.87,0.60,0.01,0.07,0.61,0.00
,,,20160104.50,1361.20,0.58,0.01,0.04,0.58,1407.80,0.60,0.01,0.04,0.60,0.00
,,,20160105.50,1361.23,0.58,0.01,0.05,0.59,1407.81,0.60,0.01,0.05,0.61,0.00
,,,20160106.50,1361.31,0.58,0.01,0.06,0.59,1407.84,0.60,0.01,0.06,0.61,0.00
,,,20160107.50,1361.34,0.58,0.01,0.05,0.59,1407.83,0.60,0.01,0.05,0.61,0.00
,,,20160108.50,1361.33,0.58,0.01,0.05,0.59,1407.75,0.60,0.01,0.06,0.61,0.00
,,,20160109.50,1361.34,0.58,0.01,0.05,0.59,1407.70,0.60,0.01,0.05,0.61,0.00
,,,20160110.50,1361.37,0.58,0.01,0.05,0.59,1407.64,0.60,0.01,0.07,0.61,0.00
,,,20160111.50,1361.32,0.58,0.01,0.05,0.59,1407.49,0.60,0.01,0.06,0.61,0.00
,,,20160112.50,1361.28,0.58,0.01,0.05,0.59,1407.34,0.60,0.01,0.07,0.61,0.00
,,,20160113.50,1361.28,0.58,0.01,0.05,0.59,1407.22,0.60,0.01,0.07,0.61,0.00
,,,20160114.50,1361.29,0.58,0.01,0.06,0.59,1407.10,0.60,0.01,0.06,0.61,0.00
,,,20160115.50,1361.34,0.58,0.01,0.05,0.59,1407.02,0.60,0.01,0.08,0.61,0.00
,,,20160116.50,1361.40,0.58,0.01,0.04,0.59,1406.92,0.60,0.01,0.07,0.61,0.00
,,,20160117.50,1361.47,0.58,0.01,0.05,0.59,1406.83,0.60,0.01,0.06,0.61,0.00
,,,20160118.50,1361.52,0.58,0.01,0.06,0.59,1406.71,0.60,0.01,0.05,0.61,0.00
,,,20160119.50,1361.58,0.58,0.01,0.06,0.59,1406.57,0.60,0.01,0.08,0.61,0.00
,,,20160120.50,1361.56,0.58,0.01,0.06,0.59,1406.35,0.60,0.01,0.12,0.62,0.00
,,,20160121.50,1361.34,0.58,0.01,0.08,0.59,1405.88,0.60,0.01,0.15,0.62,0.00
,,,20160122.50,1361.20,0.58,0.01,0.05,0.59,1405.46,0.60,0.01,0.09,0.61,0.00
,,,20160123.50,1361.20,0.58,0.01,0.06,0.59,1405.17,0.60,0.01,0.09,0.61,0.00
,,,20160124.50,1361.17,0.58,0.01,0.05,0.59,1404.91,0.60,0.01,0.10,0.61,0.00
,,,20160125.50,1361.20,0.58,0.01,0.06,0.59,1404.61,0.60,0.01,0.09,0.61,0.00
,,,20160126.50,1361.24,0.58,0.01,0.05,0.59,1404.34,0.60,0.01,0.10,0.61,0.00
,,,20160127.50,1361.18,0.58,0.01,0.07,0.59,1403.98,0.60,0.01,0.16,0.62,0.00
,,,20160128.50,1361.07,0.58,0.01,0.06,0.59,1403.58,0.60,0.01,0.12,0.61,0.00
,,,20160129.50,1361.10,0.58,0.01,0.04,0.58,1403.25,0.60,0.01,0.09,0.61,0.00
,,,20160130.50,1361.01,0.58,0.01,0.05,0.59,1402.60,0.60,0.01,0.09,0.61,0.00
,,,20160131.50,1360.99,0.58,0.01,0.05,0.59,1402.21,0.60,0.01,0.09,0.61,0.00
,,,20160201.50,1361.08,0.58,0.01,0.06,0.59,1401.94,0.60,0.01,0.09,0.61,0.00
,,,20160202.50,1361.22,0.58,0.01,0.06,0.59,1401.68,0.60,0.01,0.08,0.61,0.00
,,,20160203.50,1361.34,0.58,0.01,0.06,0.59,1401.38,0.60,0.01,0.11,0.61,0.00
,,,20160204.50,1361.37,0.58,0.01,0.08,0.59,1400.99,0.60,0.01,0.19,0.63,0.00
,,,20160205.50,1361.39,0.58,0.01,0.05,0.59,1400.56,0.60,0.01,0.11,0.61,0.00
,,,20160206.50,1361.44,0.58,0.01,0.05,0.59,1400.18,0.60,0.01,0.13,0.61,0.00
,,,20160207.50,1361.33,0.58,0.01,0.05,0.59,1399.47,0.60,0.01,0.14,0.62,0.00
,,,20160208.50,1361.30,0.58,0.01,0.04,0.59,1399.01,0.60,0.01,0.17,0.62,0.00
,,,20160209.50,1361.35,0.58,0.01,0.05,0.59,1398.58,0.60,0.01,0.14,0.62,0.00
,,,20160210.50,1361.34,0.58,0.01,0.05,0.59,1398.13,0.60,0.01,0.16,0.62,0.00
,,,20160211.50,1361.35,0.58,0.01,0.06,0.59,1397.65,0.60,0.01,0.15,0.62,0.00
,,,20160212.50,1361.34,0.58,0.01,0.06,0.59,1397.16,0.60,0.01,0.16,0.62,0.00
,,,20160213.50,1361.36,0.58,0.01,0.05,0.59,1396.61,0.60,0.01,0.15,0.62,0.00
,,,20160214.50,1361.42,0.58,0.01,0.06,0.59,1396.16,0.60,0.01,0.13,0.61,0.00
,,,20160215.50,1361.50,0.58,0.01,0.05,0.59,1395.73,0.60,0.01,0.14,0.61,0.00
,,,20160216.50,1361.48,0.58,0.01,0.06,0.59,1395.18,0.60,0.01,0.20,0.63,0.00
,,,20160217.50,1361.39,0.58,0.01,0.06,0.59,1394.53,0.60,0.01,0.23,0.64,0.00
,,,20160218.50,1361.23,0.58,0.01,0.07,0.59,1393.81,0.60,0.01,0.23,0.64,0.00
,,,20160219.50,1361.14,0.58,0.01,0.08,0.59,1393.13,0.60,0.01,0.21,0.63,0.00
,,,20160220.50,1361.14,0.58,0.01,0.05,0.59,1392.56,0.60,0.01,0.18,0.62,0.00
,,,20160221.50,1361.25,0.58,0.01,0.07,0.59,1392.03,0.60,0.01,0.13,0.61,0.00
,,,20160222.50,1361.34,0.58,0.01,0.06,0.59,1391.53,0.60,0.01,0.16,0.62,0.00
,,,20160223.50,1361.44,0.58,0.01,0.05,0.59,1390.97,0.60,0.01,0.17,0.62,0.00
,,,20160224.50,1361.42,0.58,0.01,0.05,0.59,1390.35,0.60,0.01,0.21,0.63,0.00
,,,20160225.50,1361.34,0.58,0.01,0.05,0.59,1389.62,0.60,0.01,0.21,0.63,0.00
,,,20160226.50,1361.26,0.58,0.01,0.05,0.59,1388.82,0.60,0.01,0.21,0.63,0.00
,,,20160227.50,1361.13,0.58,0.01,0.06,0.59,1388.07,0.60,0.01,0.24,0.64,0.00
,,,20160228.50,1361.06,0.58,0.01,0.05,0.59,1387.34,0.60,0.01,0.21,0.63,0.00
,,,20160229.50,1361.09,0.58,0.01,0.06,0.59,1386.70,0.59,0.01,0.19,0.63,0.00
,,,20160301.50,1361.25,0.58,0.01,0.07,0.59,1386.14,0.59,0.01,0.15,0.61,0.00
,,,20160302.50,1361.40,0.58,0.01,0.06,0.59,1385.59,0.59,0.01,0.17,0.62,0.00
,,,20160303.50,1361.46,0.58,0.01,0.06,0.59,1384.94,0.59,0.01,0.22,0.63,0.00
,,,20160304.50,1361.42,0.58,0.01,0.07,0.59,1384.16,0.59,0.01,0.27,0.65,0.00
